<?xml version="1.0" encoding="UTF-8"?>
<!DOCTYPE fontscolors PUBLIC "-//NetBeans//DTD Editor Fonts and Colors settings 1.1//EN" "http://www.netbeans.org/dtds/EditorFontsColors-1_1.dtd">
<fontscolors>
    <fontcolor foreColor="fffd971f" name="nbeditor-bracesMatching-match"/>
    <fontcolor foreColor="ff49483e" name="text-limit-line-color"/>
    <fontcolor foreColor="ff75715e" name="code-folding"/>
    <fontcolor foreColor="ffcc0099" name="synchronized-text-blocks-ext"/>
    <fontcolor bgColor="ff8b0807" name="nbeditor-bracesMatching-mismatch"/>
    <fontcolor name="highlight-caret-row"/>
    <fontcolor foreColor="fff8f8f0" name="caret-color-overwrite-mode"/>
    <fontcolor name="status-bar"/>
    <fontcolor name="guarded"/>
    <fontcolor name="trailing-whitespace"/>
    <fontcolor bgColor="ff8b0807" name="nbeditor-bracesMatching-mismatch-multichar"/>
    <fontcolor foreColor="ffcccccc" name="code-folding-border"/>
    <fontcolor name="west-sidebars-color"/>
    <fontcolor foreColor="red" name="status-bar-bold"/>
    <fontcolor foreColor="fffd971f" name="nbeditor-bracesMatching-sidebar"/>
    <fontcolor foreColor="ff90908a" name="line-number"/>
    <fontcolor bgColor="darkGray" name="readonly-files"/>
    <fontcolor bgColor="fffd971f" foreColor="ff272822" name="highlight-search"/>
    <fontcolor foreColor="ff49483e" name="code-folding-bar"/>
    <fontcolor foreColor="ff996600" name="synchronized-text-blocks-ext-slave"/>
    <fontcolor foreColor="ff49483e" name="indent-guide-lines"/>
    <fontcolor name="indent-whitespace"/>
    <fontcolor bgColor="fffd971f" name="block-search"/>
    <fontcolor bgColor="ff3c3d37" foreColor="fffd971f" name="selection"/>
    <fontcolor bgColor="ffe6db74" foreColor="ff272822" name="inc-search"/>
    <fontcolor bgColor="black" foreColor="fffd971f" name="nbeditor-bracesMatching-match-multichar"/>
    <fontcolor foreColor="fff8f8f0" name="caret-color-insert-mode"/>
    <fontcolor foreColor="orange" name="hyperlinks" underline="yellow"/>
</fontscolors>
