<?xml version="1.0" encoding="UTF-8"?>
<!DOCTYPE fontscolors PUBLIC "-//NetBeans//DTD Editor Fonts and Colors settings 1.1//EN" "http://www.netbeans.org/dtds/EditorFontsColors-1_1.dtd">
<fontscolors>
    <fontcolor bgColor="ffeceba3" name="mark-occurrences"/>
    <fontcolor foreColor="ff007c00" name="markup-attribute"/>
    <fontcolor name="private"/>
    <fontcolor foreColor="yellow" name="string"/>
    <fontcolor name="deprecated" strikeThrough="darkGray"/>
    <fontcolor bgColor="red" foreColor="white" name="error"/>
    <fontcolor name="interface"/>
    <fontcolor foreColor="cyan" name="entity-reference"/>
    <fontcolor name="operator"/>
    <fontcolor foreColor="yellow" name="number"/>
    <fontcolor bgColor="darkGray" foreColor="green" name="default">
        <font name="Consolas" size="18"/>
    </fontcolor>
    <fontcolor name="protected"/>
    <fontcolor name="public"/>
    <fontcolor foreColor="ffa06001" name="method-parameter"/>
    <fontcolor name="warning" waveUnderlined="yellow"/>
    <fontcolor foreColor="orange" name="keyword"/>
    <fontcolor name="class"/>
    <fontcolor name="local-variable"/>
    <fontcolor name="identifier"/>
    <fontcolor name="static">
        <font style="italic"/>
    </fontcolor>
    <fontcolor name="method">
        <font style="bold"/>
    </fontcolor>
    <fontcolor name="constructor">
        <font style="bold"/>
    </fontcolor>
    <fontcolor foreColor="orange" name="markup-element"/>
    <fontcolor default="string" name="markup-attribute-value"/>
    <fontcolor name="abstract"/>
    <fontcolor name="separator"/>
    <fontcolor name="enum"/>
    <fontcolor name="url" underline="blue"/>
    <fontcolor foreColor="ff098618" name="field">
        <font style="bold"/>
    </fontcolor>
    <fontcolor foreColor="yellow" name="char"/>
    <fontcolor foreColor="red" name="comment"/>
    <fontcolor foreColor="gray" name="unused"/>
    <fontcolor name="whitespace"/>
</fontscolors>
